[
  {
    "id": 1,
    "priority": 1,
    "action": {
      "type": "modifyHeaders",
      "responseHeaders": [
        {
          "header": "Content-Security-Policy",
          "operation": "remove"
        }
      ]
    },
    "condition": {
      "urlFilter": "chatgpt.com",
      "resourceTypes": ["main_frame", "sub_frame"]
    }
  },
  {
    "id": 2,
    "priority": 1,
    "action": {
      "type": "modifyHeaders",
      "responseHeaders": [
        {
          "header": "Content-Security-Policy",
          "operation": "remove"
        }
      ]
    },
    "condition": {
      "urlFilter": "claude.ai",
      "resourceTypes": ["main_frame", "sub_frame"]
    }
  }
]
